{
  "header_types" : [
    {
      "name" : "scalars_0",
      "id" : 0,
      "fields" : [
        ["metadata.temp_HopCount", 8, false]
      ]
    },
    {
      "name" : "standard_metadata",
      "id" : 1,
      "fields" : [
        ["ingress_port", 9, false],
        ["egress_spec", 9, false],
        ["egress_port", 9, false],
        ["instance_type", 32, false],
        ["packet_length", 32, false],
        ["enq_timestamp", 32, false],
        ["enq_qdepth", 19, false],
        ["deq_timedelta", 32, false],
        ["deq_qdepth", 19, false],
        ["ingress_global_timestamp", 48, false],
        ["egress_global_timestamp", 48, false],
        ["mcast_grp", 16, false],
        ["egress_rid", 16, false],
        ["checksum_error", 1, false],
        ["parser_error", 32, false],
        ["priority", 3, false],
        ["_padding", 3, false]
      ]
    },
    {
      "name" : "ethernet_t",
      "id" : 2,
      "fields" : [
        ["dstAddr", 48, false],
        ["srcAddr", 48, false],
        ["etherType", 16, false]
      ]
    },
    {
      "name" : "int_header_t",
      "id" : 3,
      "fields" : [
        ["int_version", 4, false],
        ["D", 1, false],
        ["E", 1, false],
        ["M", 1, false],
        ["int_Reserved", 12, false],
        ["Hop_ML", 5, false],
        ["RemainingHopCount", 8, false],
        ["Instruction_Bitmap", 16, false],
        ["Domain_Specific_ID", 16, false],
        ["DS_Instruction", 16, false],
        ["DS_Flags", 16, false]
      ]
    },
    {
      "name" : "ipv4_t",
      "id" : 4,
      "fields" : [
        ["version", 4, false],
        ["ihl", 4, false],
        ["diffserv", 8, false],
        ["totalLen", 16, false],
        ["identification", 16, false],
        ["flags", 3, false],
        ["fragOffset", 13, false],
        ["ttl", 8, false],
        ["protocol", 8, false],
        ["hdrChecksum", 16, false],
        ["srcAddr", 32, false],
        ["dstAddr", 32, false]
      ]
    },
    {
      "name" : "ipv6_t",
      "id" : 5,
      "fields" : [
        ["version", 4, false],
        ["trafficClass", 8, false],
        ["flowLabel", 20, false],
        ["payLoadLen", 16, false],
        ["nextHdr", 8, false],
        ["hopLimit", 8, false],
        ["srcAddr", 128, false],
        ["dstAddr", 128, false]
      ]
    },
    {
      "name" : "tcp_t",
      "id" : 6,
      "fields" : [
        ["srcPort", 16, false],
        ["dstPort", 16, false],
        ["seqNo", 32, false],
        ["ackNo", 32, false],
        ["dataOffset", 4, false],
        ["res", 3, false],
        ["ecn", 3, false],
        ["ctrl", 6, false],
        ["window", 16, false],
        ["checksum", 16, false],
        ["urgentPtr", 16, false]
      ]
    },
    {
      "name" : "udp_t",
      "id" : 7,
      "fields" : [
        ["srcPort", 16, false],
        ["dstPort", 16, false],
        ["totalLen", 16, false],
        ["checksum", 16, false]
      ]
    },
    {
      "name" : "int_shim_t",
      "id" : 8,
      "fields" : [
        ["Type", 4, false],
        ["NPT", 2, false],
        ["R", 2, false],
        ["Length", 8, false],
        ["Reserved", 8, false],
        ["IP_proto", 8, false]
      ]
    },
    {
      "name" : "int_metadata_t",
      "id" : 9,
      "fields" : [
        ["switchID", 32, false],
        ["hop_delay", 32, false],
        ["qDepth", 16, false],
        ["qDelay", 24, false],
        ["i_timestamp", 48, false],
        ["e_timestamp", 48, false]
      ]
    }
  ],
  "headers" : [
    {
      "name" : "scalars",
      "id" : 0,
      "header_type" : "scalars_0",
      "metadata" : true,
      "pi_omit" : true
    },
    {
      "name" : "standard_metadata",
      "id" : 1,
      "header_type" : "standard_metadata",
      "metadata" : true,
      "pi_omit" : true
    },
    {
      "name" : "ethernet",
      "id" : 2,
      "header_type" : "ethernet_t",
      "metadata" : false,
      "pi_omit" : true
    },
    {
      "name" : "int_header",
      "id" : 3,
      "header_type" : "int_header_t",
      "metadata" : false,
      "pi_omit" : true
    },
    {
      "name" : "ipv4",
      "id" : 4,
      "header_type" : "ipv4_t",
      "metadata" : false,
      "pi_omit" : true
    },
    {
      "name" : "ipv6",
      "id" : 5,
      "header_type" : "ipv6_t",
      "metadata" : false,
      "pi_omit" : true
    },
    {
      "name" : "tcp",
      "id" : 6,
      "header_type" : "tcp_t",
      "metadata" : false,
      "pi_omit" : true
    },
    {
      "name" : "udp",
      "id" : 7,
      "header_type" : "udp_t",
      "metadata" : false,
      "pi_omit" : true
    },
    {
      "name" : "int_shim",
      "id" : 8,
      "header_type" : "int_shim_t",
      "metadata" : false,
      "pi_omit" : true
    },
    {
      "name" : "int_metadata[0]",
      "id" : 9,
      "header_type" : "int_metadata_t",
      "metadata" : false,
      "pi_omit" : true
    },
    {
      "name" : "int_metadata[1]",
      "id" : 10,
      "header_type" : "int_metadata_t",
      "metadata" : false,
      "pi_omit" : true
    },
    {
      "name" : "int_metadata[2]",
      "id" : 11,
      "header_type" : "int_metadata_t",
      "metadata" : false,
      "pi_omit" : true
    },
    {
      "name" : "int_metadata[3]",
      "id" : 12,
      "header_type" : "int_metadata_t",
      "metadata" : false,
      "pi_omit" : true
    },
    {
      "name" : "int_metadata[4]",
      "id" : 13,
      "header_type" : "int_metadata_t",
      "metadata" : false,
      "pi_omit" : true
    },
    {
      "name" : "int_metadata[5]",
      "id" : 14,
      "header_type" : "int_metadata_t",
      "metadata" : false,
      "pi_omit" : true
    },
    {
      "name" : "int_metadata[6]",
      "id" : 15,
      "header_type" : "int_metadata_t",
      "metadata" : false,
      "pi_omit" : true
    }
  ],
  "header_stacks" : [
    {
      "name" : "int_metadata",
      "id" : 0,
      "header_type" : "int_metadata_t",
      "size" : 7,
      "header_ids" : [9, 10, 11, 12, 13, 14, 15]
    }
  ],
  "header_union_types" : [],
  "header_unions" : [],
  "header_union_stacks" : [],
  "field_lists" : [],
  "errors" : [
    ["NoError", 0],
    ["PacketTooShort", 1],
    ["NoMatch", 2],
    ["StackOutOfBounds", 3],
    ["HeaderTooShort", 4],
    ["ParserTimeout", 5],
    ["ParserInvalidArgument", 6]
  ],
  "enums" : [],
  "parsers" : [
    {
      "name" : "parser",
      "id" : 0,
      "init_state" : "start",
      "parse_states" : [
        {
          "name" : "start",
          "id" : 0,
          "parser_ops" : [
            {
              "parameters" : [
                {
                  "type" : "regular",
                  "value" : "ethernet"
                }
              ],
              "op" : "extract"
            }
          ],
          "transitions" : [
            {
              "type" : "hexstr",
              "value" : "0x0800",
              "mask" : null,
              "next_state" : "parse_ipv4"
            },
            {
              "type" : "hexstr",
              "value" : "0x86dd",
              "mask" : null,
              "next_state" : "parse_ipv6"
            },
            {
              "value" : "default",
              "mask" : null,
              "next_state" : null
            }
          ],
          "transition_key" : [
            {
              "type" : "field",
              "value" : ["ethernet", "etherType"]
            }
          ]
        },
        {
          "name" : "parse_ipv6",
          "id" : 1,
          "parser_ops" : [
            {
              "parameters" : [
                {
                  "type" : "regular",
                  "value" : "ipv6"
                }
              ],
              "op" : "extract"
            }
          ],
          "transitions" : [
            {
              "type" : "hexstr",
              "value" : "0x06",
              "mask" : null,
              "next_state" : "parse_tcp"
            },
            {
              "type" : "hexstr",
              "value" : "0x11",
              "mask" : null,
              "next_state" : "parse_udp"
            },
            {
              "value" : "default",
              "mask" : null,
              "next_state" : null
            }
          ],
          "transition_key" : [
            {
              "type" : "field",
              "value" : ["ipv6", "nextHdr"]
            }
          ]
        },
        {
          "name" : "parse_udp",
          "id" : 2,
          "parser_ops" : [
            {
              "parameters" : [
                {
                  "type" : "regular",
                  "value" : "udp"
                }
              ],
              "op" : "extract"
            }
          ],
          "transitions" : [
            {
              "type" : "hexstr",
              "value" : "0x1212",
              "mask" : null,
              "next_state" : "parse_int_shim"
            },
            {
              "value" : "default",
              "mask" : null,
              "next_state" : null
            }
          ],
          "transition_key" : [
            {
              "type" : "field",
              "value" : ["udp", "dstPort"]
            }
          ]
        },
        {
          "name" : "parse_tcp",
          "id" : 3,
          "parser_ops" : [
            {
              "parameters" : [
                {
                  "type" : "regular",
                  "value" : "tcp"
                }
              ],
              "op" : "extract"
            }
          ],
          "transitions" : [
            {
              "value" : "default",
              "mask" : null,
              "next_state" : "parse_int_shim"
            }
          ],
          "transition_key" : []
        },
        {
          "name" : "parse_int_shim",
          "id" : 4,
          "parser_ops" : [
            {
              "parameters" : [
                {
                  "type" : "regular",
                  "value" : "int_shim"
                }
              ],
              "op" : "extract"
            },
            {
              "parameters" : [
                {
                  "type" : "regular",
                  "value" : "int_header"
                }
              ],
              "op" : "extract"
            },
            {
              "parameters" : [
                {
                  "type" : "stack",
                  "value" : "int_metadata"
                }
              ],
              "op" : "extract"
            }
          ],
          "transitions" : [
            {
              "value" : "default",
              "mask" : null,
              "next_state" : null
            }
          ],
          "transition_key" : []
        },
        {
          "name" : "parse_ipv4",
          "id" : 5,
          "parser_ops" : [
            {
              "parameters" : [
                {
                  "type" : "regular",
                  "value" : "ipv4"
                }
              ],
              "op" : "extract"
            }
          ],
          "transitions" : [
            {
              "value" : "default",
              "mask" : null,
              "next_state" : null
            }
          ],
          "transition_key" : []
        }
      ]
    }
  ],
  "parse_vsets" : [],
  "deparsers" : [
    {
      "name" : "deparser",
      "id" : 0,
      "source_info" : {
        "filename" : "INT.p4",
        "line" : 342,
        "column" : 8,
        "source_fragment" : "MyDeparser"
      },
      "order" : ["ethernet", "ipv6", "tcp", "int_shim", "int_header", "int_metadata[0]", "int_metadata[1]", "int_metadata[2]", "int_metadata[3]", "int_metadata[4]", "int_metadata[5]", "int_metadata[6]"]
    }
  ],
  "meter_arrays" : [],
  "counter_arrays" : [],
  "register_arrays" : [],
  "calculations" : [
    {
      "name" : "calc",
      "id" : 0,
      "source_info" : {
        "filename" : "INT.p4",
        "line" : 320,
        "column" : 2,
        "source_fragment" : "update_checksum( ..."
      },
      "algo" : "csum16",
      "input" : [
        {
          "type" : "field",
          "value" : ["ipv4", "version"]
        },
        {
          "type" : "field",
          "value" : ["ipv4", "ihl"]
        },
        {
          "type" : "field",
          "value" : ["ipv4", "diffserv"]
        },
        {
          "type" : "field",
          "value" : ["ipv4", "totalLen"]
        },
        {
          "type" : "field",
          "value" : ["ipv4", "identification"]
        },
        {
          "type" : "field",
          "value" : ["ipv4", "flags"]
        },
        {
          "type" : "field",
          "value" : ["ipv4", "fragOffset"]
        },
        {
          "type" : "field",
          "value" : ["ipv4", "ttl"]
        },
        {
          "type" : "field",
          "value" : ["ipv4", "protocol"]
        },
        {
          "type" : "field",
          "value" : ["ipv4", "srcAddr"]
        },
        {
          "type" : "field",
          "value" : ["ipv4", "dstAddr"]
        }
      ]
    }
  ],
  "learn_lists" : [],
  "actions" : [
    {
      "name" : "NoAction",
      "id" : 0,
      "runtime_data" : [],
      "primitives" : []
    },
    {
      "name" : "MyIngress.drop",
      "id" : 1,
      "runtime_data" : [],
      "primitives" : [
        {
          "op" : "mark_to_drop",
          "parameters" : [
            {
              "type" : "header",
              "value" : "standard_metadata"
            }
          ],
          "source_info" : {
            "filename" : "INT.p4",
            "line" : 215,
            "column" : 2,
            "source_fragment" : "mark_to_drop(standard_metadata)"
          }
        }
      ]
    },
    {
      "name" : "MyIngress.ipv6_forward",
      "id" : 2,
      "runtime_data" : [
        {
          "name" : "dstAddr",
          "bitwidth" : 48
        },
        {
          "name" : "port",
          "bitwidth" : 9
        }
      ],
      "primitives" : [
        {
          "op" : "assign",
          "parameters" : [
            {
              "type" : "field",
              "value" : ["ethernet", "srcAddr"]
            },
            {
              "type" : "field",
              "value" : ["ethernet", "dstAddr"]
            }
          ],
          "source_info" : {
            "filename" : "INT.p4",
            "line" : 219,
            "column" : 8,
            "source_fragment" : "hdr.ethernet.srcAddr = hdr.ethernet.dstAddr"
          }
        },
        {
          "op" : "assign",
          "parameters" : [
            {
              "type" : "field",
              "value" : ["ethernet", "dstAddr"]
            },
            {
              "type" : "runtime_data",
              "value" : 0
            }
          ],
          "source_info" : {
            "filename" : "INT.p4",
            "line" : 220,
            "column" : 8,
            "source_fragment" : "hdr.ethernet.dstAddr = dstAddr"
          }
        },
        {
          "op" : "assign",
          "parameters" : [
            {
              "type" : "field",
              "value" : ["ipv6", "hopLimit"]
            },
            {
              "type" : "expression",
              "value" : {
                "type" : "expression",
                "value" : {
                  "op" : "&",
                  "left" : {
                    "type" : "expression",
                    "value" : {
                      "op" : "+",
                      "left" : {
                        "type" : "field",
                        "value" : ["ipv6", "hopLimit"]
                      },
                      "right" : {
                        "type" : "hexstr",
                        "value" : "0xff"
                      }
                    }
                  },
                  "right" : {
                    "type" : "hexstr",
                    "value" : "0xff"
                  }
                }
              }
            }
          ],
          "source_info" : {
            "filename" : "INT.p4",
            "line" : 221,
            "column" : 8,
            "source_fragment" : "hdr.ipv6.hopLimit=hdr.ipv6.hopLimit-1"
          }
        },
        {
          "op" : "assign",
          "parameters" : [
            {
              "type" : "field",
              "value" : ["standard_metadata", "egress_spec"]
            },
            {
              "type" : "runtime_data",
              "value" : 1
            }
          ],
          "source_info" : {
            "filename" : "INT.p4",
            "line" : 222,
            "column" : 8,
            "source_fragment" : "standard_metadata.egress_spec = port"
          }
        }
      ]
    },
    {
      "name" : "NoAction",
      "id" : 3,
      "runtime_data" : [],
      "primitives" : []
    },
    {
      "name" : "MyEgress.add_swtrace",
      "id" : 4,
      "runtime_data" : [
        {
          "name" : "swid",
          "bitwidth" : 32
        }
      ],
      "primitives" : [
        {
          "op" : "add_header",
          "parameters" : [
            {
              "type" : "header",
              "value" : "int_shim"
            }
          ],
          "source_info" : {
            "filename" : "INT.p4",
            "line" : 257,
            "column" : 2,
            "source_fragment" : "hdr.int_shim.setValid()"
          }
        },
        {
          "op" : "assign",
          "parameters" : [
            {
              "type" : "field",
              "value" : ["int_shim", "Type"]
            },
            {
              "type" : "hexstr",
              "value" : "0x01"
            }
          ],
          "source_info" : {
            "filename" : "INT.p4",
            "line" : 258,
            "column" : 2,
            "source_fragment" : "hdr.int_shim.Type = 1"
          }
        },
        {
          "op" : "assign",
          "parameters" : [
            {
              "type" : "field",
              "value" : ["int_shim", "NPT"]
            },
            {
              "type" : "hexstr",
              "value" : "0x00"
            }
          ],
          "source_info" : {
            "filename" : "INT.p4",
            "line" : 259,
            "column" : 2,
            "source_fragment" : "hdr.int_shim.NPT = 0"
          }
        },
        {
          "op" : "assign",
          "parameters" : [
            {
              "type" : "field",
              "value" : ["int_shim", "Length"]
            },
            {
              "type" : "hexstr",
              "value" : "0x07"
            }
          ],
          "source_info" : {
            "filename" : "INT.p4",
            "line" : 260,
            "column" : 2,
            "source_fragment" : "hdr.int_shim.Length = 7"
          }
        },
        {
          "op" : "assign",
          "parameters" : [
            {
              "type" : "field",
              "value" : ["int_shim", "IP_proto"]
            },
            {
              "type" : "hexstr",
              "value" : "0x00"
            }
          ],
          "source_info" : {
            "filename" : "INT.p4",
            "line" : 261,
            "column" : 2,
            "source_fragment" : "hdr.int_shim.IP_proto = 0"
          }
        },
        {
          "op" : "add_header",
          "parameters" : [
            {
              "type" : "header",
              "value" : "int_header"
            }
          ],
          "source_info" : {
            "filename" : "INT.p4",
            "line" : 263,
            "column" : 2,
            "source_fragment" : "hdr.int_header.setValid()"
          }
        },
        {
          "op" : "assign",
          "parameters" : [
            {
              "type" : "field",
              "value" : ["int_header", "int_version"]
            },
            {
              "type" : "hexstr",
              "value" : "0x02"
            }
          ],
          "source_info" : {
            "filename" : "INT.p4",
            "line" : 264,
            "column" : 2,
            "source_fragment" : "hdr.int_header.int_version=2"
          }
        },
        {
          "op" : "assign",
          "parameters" : [
            {
              "type" : "field",
              "value" : ["int_header", "Hop_ML"]
            },
            {
              "type" : "hexstr",
              "value" : "0x02"
            }
          ],
          "source_info" : {
            "filename" : "INT.p4",
            "line" : 265,
            "column" : 2,
            "source_fragment" : "hdr.int_header.Hop_ML=2"
          }
        },
        {
          "op" : "assign",
          "parameters" : [
            {
              "type" : "field",
              "value" : ["int_header", "RemainingHopCount"]
            },
            {
              "type" : "hexstr",
              "value" : "0x07"
            }
          ],
          "source_info" : {
            "filename" : "INT.p4",
            "line" : 266,
            "column" : 2,
            "source_fragment" : "hdr.int_header.RemainingHopCount=7"
          }
        },
        {
          "op" : "assign",
          "parameters" : [
            {
              "type" : "field",
              "value" : ["int_header", "Instruction_Bitmap"]
            },
            {
              "type" : "hexstr",
              "value" : "0xa000"
            }
          ],
          "source_info" : {
            "filename" : "INT.p4",
            "line" : 267,
            "column" : 2,
            "source_fragment" : "hdr.int_header.Instruction_Bitmap = 40960"
          }
        },
        {
          "op" : "push",
          "parameters" : [
            {
              "type" : "header_stack",
              "value" : "int_metadata"
            },
            {
              "type" : "hexstr",
              "value" : "0x1"
            }
          ],
          "source_info" : {
            "filename" : "INT.p4",
            "line" : 269,
            "column" : 2,
            "source_fragment" : "hdr.int_metadata.push_front(1)"
          }
        },
        {
          "op" : "add_header",
          "parameters" : [
            {
              "type" : "header",
              "value" : "int_metadata[0]"
            }
          ],
          "source_info" : {
            "filename" : "INT.p4",
            "line" : 270,
            "column" : 2,
            "source_fragment" : "hdr.int_metadata[0].setValid()"
          }
        },
        {
          "op" : "assign",
          "parameters" : [
            {
              "type" : "field",
              "value" : ["int_metadata[0]", "switchID"]
            },
            {
              "type" : "runtime_data",
              "value" : 0
            }
          ],
          "source_info" : {
            "filename" : "INT.p4",
            "line" : 271,
            "column" : 2,
            "source_fragment" : "hdr.int_metadata[0].switchID = swid"
          }
        },
        {
          "op" : "assign",
          "parameters" : [
            {
              "type" : "field",
              "value" : ["int_metadata[0]", "qDepth"]
            },
            {
              "type" : "expression",
              "value" : {
                "type" : "expression",
                "value" : {
                  "op" : "&",
                  "left" : {
                    "type" : "field",
                    "value" : ["standard_metadata", "enq_qdepth"]
                  },
                  "right" : {
                    "type" : "hexstr",
                    "value" : "0xffff"
                  }
                }
              }
            }
          ],
          "source_info" : {
            "filename" : "INT.p4",
            "line" : 272,
            "column" : 2,
            "source_fragment" : "hdr.int_metadata[0].qDepth = (bit <16>) standard_metadata.enq_qdepth"
          }
        },
        {
          "op" : "assign",
          "parameters" : [
            {
              "type" : "field",
              "value" : ["int_metadata[0]", "qDelay"]
            },
            {
              "type" : "expression",
              "value" : {
                "type" : "expression",
                "value" : {
                  "op" : "&",
                  "left" : {
                    "type" : "field",
                    "value" : ["standard_metadata", "deq_timedelta"]
                  },
                  "right" : {
                    "type" : "hexstr",
                    "value" : "0xffffff"
                  }
                }
              }
            }
          ],
          "source_info" : {
            "filename" : "INT.p4",
            "line" : 273,
            "column" : 2,
            "source_fragment" : "hdr.int_metadata[0].qDelay = (bit <24>)standard_metadata.deq_timedelta"
          }
        },
        {
          "op" : "assign",
          "parameters" : [
            {
              "type" : "field",
              "value" : ["int_metadata[0]", "hop_delay"]
            },
            {
              "type" : "expression",
              "value" : {
                "type" : "expression",
                "value" : {
                  "op" : "&",
                  "left" : {
                    "type" : "expression",
                    "value" : {
                      "op" : "+",
                      "left" : {
                        "type" : "expression",
                        "value" : {
                          "op" : "&",
                          "left" : {
                            "type" : "expression",
                            "value" : {
                              "op" : "-",
                              "left" : {
                                "type" : "expression",
                                "value" : {
                                  "op" : "&",
                                  "left" : {
                                    "type" : "field",
                                    "value" : ["standard_metadata", "egress_global_timestamp"]
                                  },
                                  "right" : {
                                    "type" : "hexstr",
                                    "value" : "0xffffffff"
                                  }
                                }
                              },
                              "right" : {
                                "type" : "expression",
                                "value" : {
                                  "op" : "&",
                                  "left" : {
                                    "type" : "field",
                                    "value" : ["standard_metadata", "ingress_global_timestamp"]
                                  },
                                  "right" : {
                                    "type" : "hexstr",
                                    "value" : "0xffffffff"
                                  }
                                }
                              }
                            }
                          },
                          "right" : {
                            "type" : "hexstr",
                            "value" : "0xffffffff"
                          }
                        }
                      },
                      "right" : {
                        "type" : "field",
                        "value" : ["standard_metadata", "deq_timedelta"]
                      }
                    }
                  },
                  "right" : {
                    "type" : "hexstr",
                    "value" : "0xffffffff"
                  }
                }
              }
            }
          ],
          "source_info" : {
            "filename" : "INT.p4",
            "line" : 274,
            "column" : 2,
            "source_fragment" : "hdr.int_metadata[0].hop_delay = (bit <32>) standard_metadata.egress_global_timestamp - (bit <32>) standard_metadata.ingress_global_timestamp + (bit <32>) standard_metadata.deq_timedelta"
          }
        },
        {
          "op" : "assign",
          "parameters" : [
            {
              "type" : "field",
              "value" : ["int_metadata[0]", "i_timestamp"]
            },
            {
              "type" : "field",
              "value" : ["standard_metadata", "ingress_global_timestamp"]
            }
          ],
          "source_info" : {
            "filename" : "INT.p4",
            "line" : 276,
            "column" : 2,
            "source_fragment" : "hdr.int_metadata[0].i_timestamp = standard_metadata.ingress_global_timestamp"
          }
        },
        {
          "op" : "assign",
          "parameters" : [
            {
              "type" : "field",
              "value" : ["int_metadata[0]", "e_timestamp"]
            },
            {
              "type" : "field",
              "value" : ["standard_metadata", "egress_global_timestamp"]
            }
          ],
          "source_info" : {
            "filename" : "INT.p4",
            "line" : 277,
            "column" : 2,
            "source_fragment" : "hdr.int_metadata[0].e_timestamp = standard_metadata.egress_global_timestamp"
          }
        }
      ]
    },
    {
      "name" : "MyEgress.transition_swtrace",
      "id" : 5,
      "runtime_data" : [
        {
          "name" : "swid",
          "bitwidth" : 32
        }
      ],
      "primitives" : [
        {
          "op" : "assign",
          "parameters" : [
            {
              "type" : "field",
              "value" : ["scalars", "metadata.temp_HopCount"]
            },
            {
              "type" : "field",
              "value" : ["int_header", "RemainingHopCount"]
            }
          ],
          "source_info" : {
            "filename" : "INT.p4",
            "line" : 282,
            "column" : 2,
            "source_fragment" : "meta.temp_HopCount = hdr.int_header.RemainingHopCount"
          }
        },
        {
          "op" : "assign",
          "parameters" : [
            {
              "type" : "field",
              "value" : ["int_header", "RemainingHopCount"]
            },
            {
              "type" : "expression",
              "value" : {
                "type" : "expression",
                "value" : {
                  "op" : "&",
                  "left" : {
                    "type" : "expression",
                    "value" : {
                      "op" : "+",
                      "left" : {
                        "type" : "field",
                        "value" : ["int_header", "RemainingHopCount"]
                      },
                      "right" : {
                        "type" : "hexstr",
                        "value" : "0xff"
                      }
                    }
                  },
                  "right" : {
                    "type" : "hexstr",
                    "value" : "0xff"
                  }
                }
              }
            }
          ],
          "source_info" : {
            "filename" : "INT.p4",
            "line" : 283,
            "column" : 2,
            "source_fragment" : "hdr.int_header.RemainingHopCount= meta.temp_HopCount-1"
          }
        },
        {
          "op" : "push",
          "parameters" : [
            {
              "type" : "header_stack",
              "value" : "int_metadata"
            },
            {
              "type" : "hexstr",
              "value" : "0x1"
            }
          ],
          "source_info" : {
            "filename" : "INT.p4",
            "line" : 284,
            "column" : 2,
            "source_fragment" : "hdr.int_metadata.push_front(1)"
          }
        },
        {
          "op" : "add_header",
          "parameters" : [
            {
              "type" : "header",
              "value" : "int_metadata[0]"
            }
          ],
          "source_info" : {
            "filename" : "INT.p4",
            "line" : 285,
            "column" : 2,
            "source_fragment" : "hdr.int_metadata[0].setValid()"
          }
        },
        {
          "op" : "assign",
          "parameters" : [
            {
              "type" : "field",
              "value" : ["int_metadata[0]", "switchID"]
            },
            {
              "type" : "runtime_data",
              "value" : 0
            }
          ],
          "source_info" : {
            "filename" : "INT.p4",
            "line" : 286,
            "column" : 2,
            "source_fragment" : "hdr.int_metadata[0].switchID = swid"
          }
        },
        {
          "op" : "assign",
          "parameters" : [
            {
              "type" : "field",
              "value" : ["int_metadata[0]", "qDepth"]
            },
            {
              "type" : "expression",
              "value" : {
                "type" : "expression",
                "value" : {
                  "op" : "&",
                  "left" : {
                    "type" : "field",
                    "value" : ["standard_metadata", "enq_qdepth"]
                  },
                  "right" : {
                    "type" : "hexstr",
                    "value" : "0xffff"
                  }
                }
              }
            }
          ],
          "source_info" : {
            "filename" : "INT.p4",
            "line" : 287,
            "column" : 2,
            "source_fragment" : "hdr.int_metadata[0].qDepth = (bit <16>) standard_metadata.enq_qdepth"
          }
        },
        {
          "op" : "assign",
          "parameters" : [
            {
              "type" : "field",
              "value" : ["int_metadata[0]", "qDelay"]
            },
            {
              "type" : "expression",
              "value" : {
                "type" : "expression",
                "value" : {
                  "op" : "&",
                  "left" : {
                    "type" : "field",
                    "value" : ["standard_metadata", "deq_timedelta"]
                  },
                  "right" : {
                    "type" : "hexstr",
                    "value" : "0xffffff"
                  }
                }
              }
            }
          ],
          "source_info" : {
            "filename" : "INT.p4",
            "line" : 288,
            "column" : 2,
            "source_fragment" : "hdr.int_metadata[0].qDelay = (bit <24>)standard_metadata.deq_timedelta"
          }
        },
        {
          "op" : "assign",
          "parameters" : [
            {
              "type" : "field",
              "value" : ["int_metadata[0]", "hop_delay"]
            },
            {
              "type" : "expression",
              "value" : {
                "type" : "expression",
                "value" : {
                  "op" : "&",
                  "left" : {
                    "type" : "expression",
                    "value" : {
                      "op" : "+",
                      "left" : {
                        "type" : "expression",
                        "value" : {
                          "op" : "&",
                          "left" : {
                            "type" : "expression",
                            "value" : {
                              "op" : "-",
                              "left" : {
                                "type" : "expression",
                                "value" : {
                                  "op" : "&",
                                  "left" : {
                                    "type" : "field",
                                    "value" : ["standard_metadata", "egress_global_timestamp"]
                                  },
                                  "right" : {
                                    "type" : "hexstr",
                                    "value" : "0xffffffff"
                                  }
                                }
                              },
                              "right" : {
                                "type" : "expression",
                                "value" : {
                                  "op" : "&",
                                  "left" : {
                                    "type" : "field",
                                    "value" : ["standard_metadata", "ingress_global_timestamp"]
                                  },
                                  "right" : {
                                    "type" : "hexstr",
                                    "value" : "0xffffffff"
                                  }
                                }
                              }
                            }
                          },
                          "right" : {
                            "type" : "hexstr",
                            "value" : "0xffffffff"
                          }
                        }
                      },
                      "right" : {
                        "type" : "field",
                        "value" : ["standard_metadata", "deq_timedelta"]
                      }
                    }
                  },
                  "right" : {
                    "type" : "hexstr",
                    "value" : "0xffffffff"
                  }
                }
              }
            }
          ],
          "source_info" : {
            "filename" : "INT.p4",
            "line" : 289,
            "column" : 2,
            "source_fragment" : "hdr.int_metadata[0].hop_delay = (bit <32>) standard_metadata.egress_global_timestamp - (bit <32>) standard_metadata.ingress_global_timestamp + (bit <32>) standard_metadata.deq_timedelta"
          }
        },
        {
          "op" : "assign",
          "parameters" : [
            {
              "type" : "field",
              "value" : ["int_metadata[0]", "i_timestamp"]
            },
            {
              "type" : "field",
              "value" : ["standard_metadata", "ingress_global_timestamp"]
            }
          ],
          "source_info" : {
            "filename" : "INT.p4",
            "line" : 291,
            "column" : 2,
            "source_fragment" : "hdr.int_metadata[0].i_timestamp = standard_metadata.ingress_global_timestamp"
          }
        },
        {
          "op" : "assign",
          "parameters" : [
            {
              "type" : "field",
              "value" : ["int_metadata[0]", "e_timestamp"]
            },
            {
              "type" : "field",
              "value" : ["standard_metadata", "egress_global_timestamp"]
            }
          ],
          "source_info" : {
            "filename" : "INT.p4",
            "line" : 292,
            "column" : 2,
            "source_fragment" : "hdr.int_metadata[0].e_timestamp = standard_metadata.egress_global_timestamp"
          }
        }
      ]
    }
  ],
  "pipelines" : [
    {
      "name" : "ingress",
      "id" : 0,
      "source_info" : {
        "filename" : "INT.p4",
        "line" : 210,
        "column" : 8,
        "source_fragment" : "MyIngress"
      },
      "init_table" : "node_2",
      "tables" : [
        {
          "name" : "MyIngress.ipv6_lpm",
          "id" : 0,
          "source_info" : {
            "filename" : "INT.p4",
            "line" : 225,
            "column" : 10,
            "source_fragment" : "ipv6_lpm"
          },
          "key" : [
            {
              "match_type" : "exact",
              "name" : "hdr.ipv6.dstAddr",
              "target" : ["ipv6", "dstAddr"],
              "mask" : null
            }
          ],
          "match_type" : "exact",
          "type" : "simple",
          "max_size" : 1024,
          "with_counters" : false,
          "support_timeout" : false,
          "direct_meters" : null,
          "action_ids" : [2, 1, 0],
          "actions" : ["MyIngress.ipv6_forward", "MyIngress.drop", "NoAction"],
          "base_default_next" : null,
          "next_tables" : {
            "MyIngress.ipv6_forward" : null,
            "MyIngress.drop" : null,
            "NoAction" : null
          },
          "default_entry" : {
            "action_id" : 0,
            "action_const" : false,
            "action_data" : [],
            "action_entry_const" : false
          }
        }
      ],
      "action_profiles" : [],
      "conditionals" : [
        {
          "name" : "node_2",
          "id" : 0,
          "source_info" : {
            "filename" : "INT.p4",
            "line" : 240,
            "column" : 6,
            "source_fragment" : "hdr.ipv6.isValid()"
          },
          "expression" : {
            "type" : "expression",
            "value" : {
              "op" : "d2b",
              "left" : null,
              "right" : {
                "type" : "field",
                "value" : ["ipv6", "$valid$"]
              }
            }
          },
          "false_next" : null,
          "true_next" : "MyIngress.ipv6_lpm"
        }
      ]
    },
    {
      "name" : "egress",
      "id" : 1,
      "source_info" : {
        "filename" : "INT.p4",
        "line" : 252,
        "column" : 8,
        "source_fragment" : "MyEgress"
      },
      "init_table" : "MyEgress.swtrace",
      "tables" : [
        {
          "name" : "MyEgress.swtrace",
          "id" : 1,
          "source_info" : {
            "filename" : "INT.p4",
            "line" : 295,
            "column" : 7,
            "source_fragment" : "swtrace"
          },
          "key" : [],
          "match_type" : "exact",
          "type" : "simple",
          "max_size" : 1024,
          "with_counters" : false,
          "support_timeout" : false,
          "direct_meters" : null,
          "action_ids" : [4, 5, 3],
          "actions" : ["MyEgress.add_swtrace", "MyEgress.transition_swtrace", "NoAction"],
          "base_default_next" : null,
          "next_tables" : {
            "MyEgress.add_swtrace" : null,
            "MyEgress.transition_swtrace" : null,
            "NoAction" : null
          },
          "default_entry" : {
            "action_id" : 3,
            "action_const" : false,
            "action_data" : [],
            "action_entry_const" : false
          }
        }
      ],
      "action_profiles" : [],
      "conditionals" : []
    }
  ],
  "checksums" : [
    {
      "name" : "cksum",
      "id" : 0,
      "source_info" : {
        "filename" : "INT.p4",
        "line" : 320,
        "column" : 2,
        "source_fragment" : "update_checksum( ..."
      },
      "target" : ["ipv4", "hdrChecksum"],
      "type" : "generic",
      "calculation" : "calc",
      "verify" : false,
      "update" : true,
      "if_cond" : {
        "type" : "expression",
        "value" : {
          "op" : "d2b",
          "left" : null,
          "right" : {
            "type" : "field",
            "value" : ["ipv4", "$valid$"]
          }
        }
      }
    }
  ],
  "force_arith" : [],
  "extern_instances" : [],
  "field_aliases" : [
    [
      "queueing_metadata.enq_timestamp",
      ["standard_metadata", "enq_timestamp"]
    ],
    [
      "queueing_metadata.enq_qdepth",
      ["standard_metadata", "enq_qdepth"]
    ],
    [
      "queueing_metadata.deq_timedelta",
      ["standard_metadata", "deq_timedelta"]
    ],
    [
      "queueing_metadata.deq_qdepth",
      ["standard_metadata", "deq_qdepth"]
    ],
    [
      "intrinsic_metadata.ingress_global_timestamp",
      ["standard_metadata", "ingress_global_timestamp"]
    ],
    [
      "intrinsic_metadata.egress_global_timestamp",
      ["standard_metadata", "egress_global_timestamp"]
    ],
    [
      "intrinsic_metadata.mcast_grp",
      ["standard_metadata", "mcast_grp"]
    ],
    [
      "intrinsic_metadata.egress_rid",
      ["standard_metadata", "egress_rid"]
    ],
    [
      "intrinsic_metadata.priority",
      ["standard_metadata", "priority"]
    ]
  ],
  "program" : "INT.p4",
  "__meta__" : {
    "version" : [2, 18],
    "compiler" : "https://github.com/p4lang/p4c"
  }
}