{
    "hosts": {
        "h1": {
            "ip": "fc00::1",
            "mac": "08:00:00:00:01:01",
            "commands": [
                "route add default gw fc00::A dev eth0",
                "arp -i eth0 -s fc00::A 08:00:00:00:01:00"
            ]
        },
        "h2": {
            "ip": "fc00::2",
            "mac": "08:00:00:00:02:02",
            "commands": [
                "route add default gw fc00::14 dev eth0",
                "arp -i eth0 -s fc00::14 08:00:00:00:02:00"
            ]
        },
        "h3": {
            "ip": "fc00::3",
            "mac": "08:00:00:00:03:03",
            "commands": [
                "route add default gw fc00::1E dev eth0",
                "arp -i eth0 -s fc00::1E 08:00:00:00:03:00"
            ]
        },
        "h4": {
            "ip": "fc00::4",
            "mac": "08:00:00:00:04:04",
            "commands": [
                "route add default gw fc00::28 dev eth0",
                "arp -i eth0 -s fc00::28 08:00:00:00:04:00"
            ]
        },
        "h5": {
            "ip": "fc00::5",
            "mac": "08:00:00:00:05:05",
            "commands": [
                "route add default gw fc00::32 dev eth0",
                "arp -i eth0 -s fc00::32 08:00:00:00:05:00"
            ]
        },
        "h6": {
            "ip": "fc00::6",
            "mac": "08:00:00:00:06:06",
            "commands": [
                "route add default gw fc00::3C dev eth0",
                "arp -i eth0 -s fc00::3C 08:00:00:00:06:00"
            ]
        },
        "h7": {
            "ip": "fc00::7",
            "mac": "08:00:00:00:07:07",
            "commands": [
                "route add default gw fc00::46 dev eth0",
                "arp -i eth0 -s fc00::46 08:00:00:00:07:00"
            ]
        },
        "h8": {
            "ip": "fc00::8",
            "mac": "08:00:00:00:08:08",
            "commands": [
                "route add default gw fc00::50 dev eth0",
                "arp -i eth0 -s fc00::50 08:00:00:00:08:00"
            ]
        },
        "h9": {
            "ip": "fc00::9",
            "mac": "08:00:00:00:09:09",
            "commands": [
                "route add default gw fc00::5A dev eth0",
                "arp -i eth0 -s fc00::5A 08:00:00:00:09:00"
            ]
        },
        "h10": {
            "ip": "fc00::10",
            "mac": "08:00:00:00:10:10",
            "commands": [
                "route add default gw fc00::64 dev eth0",
                "arp -i eth0 -s fc00::64 08:00:00:00:10:00"
            ]
        },
        "h11": {
            "ip": "fc00::11",
            "mac": "08:00:00:00:11:11",
            "commands": [
                "route add default gw fc00::6E dev eth0",
                "arp -i eth0 -s fc00::6E 08:00:00:00:11:00"
            ]
        },
        "h12": {
            "ip": "fc00::12",
            "mac": "08:00:00:00:12:12",
            "commands": [
                "route add default gw fc00::78 dev eth0",
                "arp -i eth0 -s fc00::78 08:00:00:00:12:00"
            ]
        },
        "h13": {
            "ip": "fc00::13",
            "mac": "08:00:00:00:13:13",
            "commands": [
                "route add default gw fc00::82 dev eth0",
                "arp -i eth0 -s fc00::82 08:00:00:00:13:00"
            ]
        }
    },
    "switches": {
        "s1": {
            "runtime_json": "topo/s1-runtime.json"
        },
        "s2": {
            "runtime_json": "topo/s2-runtime.json"
        },
        "s3": {
            "runtime_json": "topo/s3-runtime.json"
        },
        "s4": {
            "runtime_json": "topo/s4-runtime.json"
        },
        "s5": {
            "runtime_json": "topo/s5-runtime.json"
        },
        "s6": {
            "runtime_json": "topo/s6-runtime.json"
        },
        "s7": {
            "runtime_json": "topo/s7-runtime.json"
        },
        "s8": {
            "runtime_json": "topo/s8-runtime.json"
        },
        "s9": {
            "runtime_json": "topo/s9-runtime.json"
        },
        "s10": {
            "runtime_json": "topo/s10-runtime.json"
        },
        "s11": {
            "runtime_json": "topo/s11-runtime.json"
        },
        "s12": {
            "runtime_json": "topo/s12-runtime.json"
        },
        "s13": {
            "runtime_json": "topo/s13-runtime.json"
        },
        "s14": {
            "runtime_json": "topo/s14-runtime.json"
        },
        "s15": {
            "runtime_json": "topo/s15-runtime.json"
        },
        "s16": {
            "runtime_json": "topo/s16-runtime.json"
        },
        "s17": {
            "runtime_json": "topo/s17-runtime.json"
        },
        "s18": {
            "runtime_json": "topo/s18-runtime.json"
        }
    },
    "links": [
        [
            "h1",
            "s1-p1"
        ],
        [
            "h2",
            "s2-p1"
        ],
        [
            "h3",
            "s3-p1"
        ],
        [
            "h4",
            "s4-p1"
        ],
        [
            "h5",
            "s5-p1"
        ],
        [
            "h6",
            "s6-p1"
        ],
        [
            "h7",
            "s7-p1"
        ],
        [
            "h8",
            "s8-p1"
        ],
        [
            "h9",
            "s9-p1"
        ],
        [
            "h10",
            "s10-p1"
        ],
        [
            "h11",
            "s11-p1"
        ],
        [
            "h12",
            "s12-p1"
        ],
        [
            "h13",
            "s1-p2"
        ],
        [
            "h13",
            "s2-p2"
        ],
        [
            "h13",
            "s3-p2"
        ],
        [
            "h13",
            "s4-p2"
        ],
        [
            "h13",
            "s5-p2"
        ],
        [
            "h13",
            "s6-p2"
        ],
        [
            "h13",
            "s7-p2"
        ],
        [
            "h13",
            "s8-p2"
        ],
        [
            "h13",
            "s9-p2"
        ],
        [
            "h13",
            "s10-p2"
        ],
        [
            "h13",
            "s11-p2"
        ],
        [
            "h13",
            "s12-p2"
        ],
        [
            "s1-p3",
            "s18-p1"
        ],
        [
            "s1-p4",
            "s17-p1"
        ],
        [
            "s1-p5",
            "s16-p1"
        ],
        [
            "s1-p6",
            "s15-p1"
        ],
        [
            "s1-p7",
            "s14-p1"
        ],
        [
            "s1-p8",
            "s13-p1"
        ],
        [
            "s2-p3",
            "s18-p2"
        ],
        [
            "s2-p4",
            "s17-p2"
        ],
        [
            "s2-p5",
            "s16-p2"
        ],
        [
            "s2-p6",
            "s15-p2"
        ],
        [
            "s2-p7",
            "s14-p2"
        ],
        [
            "s2-p8",
            "s13-p2"
        ],
        [
            "s3-p3",
            "s18-p3"
        ],
        [
            "s3-p4",
            "s17-p3"
        ],
        [
            "s3-p5",
            "s16-p3"
        ],
        [
            "s3-p6",
            "s15-p3"
        ],
        [
            "s3-p7",
            "s14-p3"
        ],
        [
            "s3-p8",
            "s13-p3"
        ],
        [
            "s4-p3",
            "s18-p4"
        ],
        [
            "s4-p4",
            "s17-p4"
        ],
        [
            "s4-p5",
            "s16-p4"
        ],
        [
            "s4-p6",
            "s15-p4"
        ],
        [
            "s4-p7",
            "s14-p4"
        ],
        [
            "s4-p8",
            "s13-p4"
        ],
        [
            "s5-p3",
            "s18-p5"
        ],
        [
            "s5-p4",
            "s17-p5"
        ],
        [
            "s5-p5",
            "s16-p5"
        ],
        [
            "s5-p6",
            "s15-p5"
        ],
        [
            "s5-p7",
            "s14-p5"
        ],
        [
            "s5-p8",
            "s13-p5"
        ],
        [
            "s6-p3",
            "s18-p6"
        ],
        [
            "s6-p4",
            "s17-p6"
        ],
        [
            "s6-p5",
            "s16-p6"
        ],
        [
            "s6-p6",
            "s15-p6"
        ],
        [
            "s6-p7",
            "s14-p6"
        ],
        [
            "s6-p8",
            "s13-p6"
        ],
        [
            "s7-p3",
            "s18-p7"
        ],
        [
            "s7-p4",
            "s17-p7"
        ],
        [
            "s7-p5",
            "s16-p7"
        ],
        [
            "s7-p6",
            "s15-p7"
        ],
        [
            "s7-p7",
            "s14-p7"
        ],
        [
            "s7-p8",
            "s13-p7"
        ],
        [
            "s8-p3",
            "s18-p8"
        ],
        [
            "s8-p4",
            "s17-p8"
        ],
        [
            "s8-p5",
            "s16-p8"
        ],
        [
            "s8-p6",
            "s15-p8"
        ],
        [
            "s8-p7",
            "s14-p8"
        ],
        [
            "s8-p8",
            "s13-p8"
        ],
        [
            "s9-p3",
            "s18-p9"
        ],
        [
            "s9-p4",
            "s17-p9"
        ],
        [
            "s9-p5",
            "s16-p9"
        ],
        [
            "s9-p6",
            "s15-p9"
        ],
        [
            "s9-p7",
            "s14-p9"
        ],
        [
            "s9-p8",
            "s13-p9"
        ],
        [
            "s10-p3",
            "s18-p10"
        ],
        [
            "s10-p4",
            "s17-p10"
        ],
        [
            "s10-p5",
            "s16-p10"
        ],
        [
            "s10-p6",
            "s15-p10"
        ],
        [
            "s10-p7",
            "s14-p10"
        ],
        [
            "s10-p8",
            "s13-p10"
        ],
        [
            "s11-p3",
            "s18-p11"
        ],
        [
            "s11-p4",
            "s17-p11"
        ],
        [
            "s11-p5",
            "s16-p11"
        ],
        [
            "s11-p6",
            "s15-p11"
        ],
        [
            "s11-p7",
            "s14-p11"
        ],
        [
            "s11-p8",
            "s13-p11"
        ],
        [
            "s12-p3",
            "s18-p12"
        ],
        [
            "s12-p4",
            "s17-p12"
        ],
        [
            "s12-p5",
            "s16-p12"
        ],
        [
            "s12-p6",
            "s15-p12"
        ],
        [
            "s12-p7",
            "s14-p12"
        ],
        [
            "s12-p8",
            "s13-p12"
        ]
    ]
}